year,iso,rgdpmad
1870,AUS,0.2918807757420776
1871,AUS,0.2760412565823893
1872,AUS,0.3353786339977729
1873,AUS,0.3840543071944662
1874,AUS,0.41698272988490626
1875,AUS,0.465295362347816
1876,AUS,0.4440632909600133
1877,AUS,0.4415382932790237
1878,AUS,0.4803108914469192
1879,AUS,0.3683120951715919
1880,AUS,0.2970872426422364
1881,AUS,0.32602084334416936
1882,AUS,0.1964649420491611
1883,AUS,0.29302032029102065
1884,AUS,0.2594024386208993
1885,AUS,0.30187435871123824
1886,AUS,0.27331623952147943
1887,AUS,0.318539219657092
1888,AUS,0.3165602414533044
1889,AUS,0.3298087497528055
1890,AUS,0.2732378725800011
1891,AUS,0.2970346316272394
1892,AUS,0.0692776040299492
1893,AUS,0.06387860411927804
1894,AUS,0.1277951876591885
1895,AUS,-0.04401945718996636
1896,AUS,0.050223551099787045
1897,AUS,-0.09730716911975712
1898,AUS,0.029092747034754396
1899,AUS,-0.053683607206991724
1900,AUS,-0.019107299603104977
1901,AUS,-0.1508716452197305
1902,AUS,-0.14535211280764493
1903,AUS,-0.11015073901837802
1904,AUS,-0.026380147411321886
1905,AUS,-0.08076788904904042
1906,AUS,-0.11942157380707741
1907,AUS,-0.09271117192375122
1908,AUS,0.028638660501087543
1909,AUS,-0.007380955458117455
1910,AUS,0.04838832820385974
1911,AUS,0.011447800906795536
1912,AUS,-0.01985112527221844
1913,AUS,-0.027525510570615808
1914,AUS,0.04632588187627995
1915,AUS,0.006640399726371982
1916,AUS,-0.1124115947474369
1917,AUS,-0.09103456269367172
1918,AUS,-0.20685121984810806
1919,AUS,-0.1861511590000422
1920,AUS,-0.1527970584609939
1921,AUS,-0.08054562357717288
1922,AUS,-0.08987110254806474
1923,AUS,-0.17163327733603317
1924,AUS,-0.1401649320143541
1925,AUS,-0.12340096756263463
1926,AUS,-0.16958517324799516
1927,AUS,-0.17082334516990727
1928,AUS,-0.18647265356620402
1929,AUS,-0.2706393899848365
1930,AUS,-0.2772704809561439
1931,AUS,-0.2679454472455127
1932,AUS,-0.07279344154417444
1933,AUS,0.013616845018198376
1934,AUS,-0.010565869313639453
1935,AUS,-0.027680627750088505
1936,AUS,-0.11755002848369855
1937,AUS,-0.11255017121822064
1938,AUS,-0.039985856911611606
1939,AUS,-0.1154227054942858
1940,AUS,-0.12821304795514443
1941,AUS,-0.18963673522426916
1942,AUS,-0.2607248755027669
1943,AUS,-0.40233780604456726
1944,AUS,-0.5159797415254008
1945,AUS,-0.5263602597834218
1946,AUS,-0.3325260474749676
1947,AUS,-0.2876965876654811
1948,AUS,-0.2631218489276499
1949,AUS,-0.21177624265631856
1950,AUS,-0.25468554718522185
1951,AUS,-0.29826096708101346
1952,AUS,-0.3297643439195408
1953,AUS,-0.34643896143677644
1954,AUS,-0.2849501419400422
1955,AUS,-0.3056119982954044
1956,AUS,-0.2971809248501245
1957,AUS,-0.29993654046816687
1958,AUS,-0.2468149537668456
1959,AUS,-0.26354029745408347
1960,AUS,-0.25360148238992863
1961,AUS,-0.2758434594222958
1962,AUS,-0.2767594241718676
1963,AUS,-0.2641998781188182
1964,AUS,-0.25993943560313504
1965,AUS,-0.2789926586604512
1966,AUS,-0.32212287582722077
1967,AUS,-0.28905787365107116
1968,AUS,-0.2875832943216121
1969,AUS,-0.27230285661400977
1970,AUS,-0.22317117540879217
1971,AUS,-0.21938675428561716
1972,AUS,-0.2510216670454959
1973,AUS,-0.25924293178763946
1974,AUS,-0.2390267387557703
1975,AUS,-0.2122318481989467
1976,AUS,-0.2247082415831585
1977,AUS,-0.25987504293263086
1978,AUS,-0.2884863402637823
1979,AUS,-0.2716673815728754
1980,AUS,-0.25389396042765355
1981,AUS,-0.25166196942159935
1982,AUS,-0.24022417523686634
1983,AUS,-0.2842485135774666
1984,AUS,-0.28964457058735427
1985,AUS,-0.2812435832614
1986,AUS,-0.2984063913662247
1987,AUS,-0.29059125159109733
1988,AUS,-0.294957550431338
1989,AUS,-0.2934837189902808
1990,AUS,-0.30085655062245564
1991,AUS,-0.3101980519133498
1992,AUS,-0.3152499382385052
1993,AUS,-0.3019914108580153
1994,AUS,-0.29257613601391697
1995,AUS,-0.2848955686054442
1996,AUS,-0.28096199726146587
1997,AUS,-0.28480152841537887
1998,AUS,-0.2774293722061554
1999,AUS,-0.28440860685276625
2000,AUS,-0.29461043621151006
2001,AUS,-0.28224516106551434
2002,AUS,-0.2647453453893345
2003,AUS,-0.2621185756101241
2004,AUS,-0.25843787123020867
2005,AUS,-0.2606682487807479
2006,AUS,-0.26334358663523716
2007,AUS,-0.23956113012396152
2008,AUS,-0.21448990663546752
2009,AUS,-0.16876368412917486
2010,AUS,-0.17545660829499177
2011,AUS,-0.19326714102792408
2012,AUS,-0.20632096823898216
2013,AUS,-0.22703871246630491
2014,AUS,-0.25202382198619233
2015,AUS,-0.273710240875106
2016,AUS,-0.28354171822104846
1870,BEL,0.09620774413644817
1871,BEL,0.06930727120114799
1872,BEL,0.10549565598709876
1873,BEL,0.07961189958676052
1874,BEL,0.13404382306909923
1875,BEL,0.09612882178813731
1876,BEL,0.11187542380321336
1877,BEL,0.10560788319283354
1878,BEL,0.10614253119192796
1879,BEL,0.012123327454721
1880,BEL,-0.038134851396689484
1881,BEL,-0.04639510182371964
1882,BEL,-0.062393612304667556
1883,BEL,-0.059881917530924866
1884,BEL,-0.057067753951098865
1885,BEL,-0.04125135308882477
1886,BEL,-0.043681629080056794
1887,BEL,-0.03577308521918532
1888,BEL,-0.010592777450920465
1889,BEL,-0.010241987361997218
1890,BEL,0.0105429577171261
1891,BEL,-0.020979330585998213
1892,BEL,-0.07986655414211441
1893,BEL,-0.006614164580655668
1894,BEL,0.04556595159395194
1895,BEL,-0.03709895249983397
1896,BEL,0.013341416542557383
1897,BEL,-0.04978157822911555
1898,BEL,-0.04460815815915886
1899,BEL,-0.10264288017264356
1900,BEL,-0.09204774601126609
1901,BEL,-0.1824634944843293
1902,BEL,-0.16736375300015283
1903,BEL,-0.18762490820494548
1904,BEL,-0.14329950081463316
1905,BEL,-0.1789228687676001
1906,BEL,-0.25969226202374784
1907,BEL,-0.25316669548369575
1908,BEL,-0.14815181843059477
1909,BEL,-0.23393298599425805
1910,BEL,-0.20002366503961433
1911,BEL,-0.19584303097468947
1912,BEL,-0.21218848838786109
1913,BEL,-0.22811813169706596
1914,BEL,-0.20150805040144704
1915,BEL,-0.23173125178541554
1916,BEL,-0.2910058430709661
1917,BEL,-0.39958861838351645
1918,BEL,-0.6819754453516094
1919,BEL,-0.5163640098671252
1920,BEL,-0.33746987410620477
1921,BEL,-0.27171407442184403
1922,BEL,-0.22730297156426005
1923,BEL,-0.3073212161762111
1924,BEL,-0.2955480577139209
1925,BEL,-0.29754878404941465
1926,BEL,-0.3222472352641059
1927,BEL,-0.28953177111152506
1928,BEL,-0.24546411551389546
1929,BEL,-0.31111290913928613
1930,BEL,-0.2214452363023689
1931,BEL,-0.1578277158957171
1932,BEL,-0.06326606060482831
1933,BEL,-0.02038798337039438
1934,BEL,-0.10068901291477417
1935,BEL,-0.11064933970879132
1936,BEL,-0.23322550077956272
1937,BEL,-0.2593944537115469
1938,BEL,-0.2372851763363233
1939,BEL,-0.24218284600010698
1940,BEL,-0.4295782198510718
1941,BEL,-0.632811049110181
1942,BEL,-0.8908610428915686
1943,BEL,-1.0812582894733147
1944,BEL,-1.0983719142384754
1945,BEL,-0.9941031803559728
1946,BEL,-0.6985481805573457
1947,BEL,-0.6157830903868717
1948,BEL,-0.5901741537601879
1949,BEL,-0.5435667823924462
1950,BEL,-0.5598762486750601
1951,BEL,-0.5654784214191562
1952,BEL,-0.5987739022736402
1953,BEL,-0.6010600300775053
1954,BEL,-0.5412669918320177
1955,BEL,-0.5510687121195232
1956,BEL,-0.5302716550890256
1957,BEL,-0.5196182178085031
1958,BEL,-0.5009171938678829
1959,BEL,-0.5302802711764762
1960,BEL,-0.4882775434676283
1961,BEL,-0.4523735874226933
1962,BEL,-0.45103579307555997
1963,BEL,-0.4428009744009387
1964,BEL,-0.4261439902627977
1965,BEL,-0.44962012055429845
1966,BEL,-0.4765344558118194
1967,BEL,-0.45718270221061985
1968,BEL,-0.45651088287858954
1969,BEL,-0.4155358669214788
1970,BEL,-0.3481633467607299
1971,BEL,-0.33301024558395476
1972,BEL,-0.32650917395856105
1973,BEL,-0.3157992365841231
1974,BEL,-0.2657298241897621
1975,BEL,-0.26918029236775887
1976,BEL,-0.2574328092536309
1977,BEL,-0.28653905294113
1978,BEL,-0.3042046294686216
1979,BEL,-0.30423855437576997
1980,BEL,-0.2500433030899796
1981,BEL,-0.27803483126700357
1982,BEL,-0.2358847349497868
1983,BEL,-0.267879476578301
1984,BEL,-0.30501753866834314
1985,BEL,-0.3244291962539787
1986,BEL,-0.33470910013725685
1987,BEL,-0.3378686803679418
1988,BEL,-0.32529174568382047
1989,BEL,-0.3200330271661169
1990,BEL,-0.2994427867469476
1991,BEL,-0.2688218733452903
1992,BEL,-0.2773449420501297
1993,BEL,-0.30610169539121834
1994,BEL,-0.30610863577678415
1995,BEL,-0.2990115273936276
1996,BEL,-0.3122578201073516
1997,BEL,-0.30923747326079365
1998,BEL,-0.322755772335082
1999,BEL,-0.3254532553415075
2000,BEL,-0.32156169598700046
2001,BEL,-0.31708827668362183
2002,BEL,-0.3142468254030817
2003,BEL,-0.3245344047609766
2004,BEL,-0.3188427916802077
2005,BEL,-0.3240689155822949
2006,BEL,-0.31575895863021763
2007,BEL,-0.29804053329975844
2008,BEL,-0.2765301668563662
2009,BEL,-0.261437914318682
2010,BEL,-0.258027345864944
2011,BEL,-0.2635451815518248
2012,BEL,-0.28547007234868005
2013,BEL,-0.301780978700549
2014,BEL,-0.30525361413244134
2015,BEL,-0.31668836659043365
2016,BEL,-0.31923812045842404
1870,CAN,-0.36649675444627494
1871,CAN,-0.3552296896139122
1872,CAN,-0.3988512385681746
1873,CAN,-0.34635958596742533
1874,CAN,-0.30994155734693773
1875,CAN,-0.37612794239301284
1876,CAN,-0.4487888089406926
1877,CAN,-0.40709719976298153
1878,CAN,-0.4800460911132918
1879,CAN,-0.4996751579496923
1880,CAN,-0.561550148864713
1881,CAN,-0.4552244015112965
1882,CAN,-0.45911169128053153
1883,CAN,-0.4682086019924361
1884,CAN,-0.39762918695624805
1885,CAN,-0.45587222708802866
1886,CAN,-0.4620430804985629
1887,CAN,-0.4630257722799911
1888,CAN,-0.3779089152222008
1889,CAN,-0.42154746576749513
1890,CAN,-0.3549712437204038
1891,CAN,-0.3642675381818945
1892,CAN,-0.45262659828810836
1893,CAN,-0.39912107465270985
1894,CAN,-0.3141374854681027
1895,CAN,-0.4298455729959736
1896,CAN,-0.42614088391335425
1897,CAN,-0.40605242376008555
1898,CAN,-0.38051436306964437
1899,CAN,-0.3710022217464619
1900,CAN,-0.34014931475008403
1901,CAN,-0.36565276942732616
1902,CAN,-0.2830323290483143
1903,CAN,-0.31126255644841017
1904,CAN,-0.2960580096859484
1905,CAN,-0.2649097883835019
1906,CAN,-0.2780514004871719
1907,CAN,-0.26782549693699487
1908,CAN,-0.24431493817105654
1909,CAN,-0.26496237928856736
1910,CAN,-0.19955762380443431
1911,CAN,-0.18046797159472305
1912,CAN,-0.17239950739699772
1913,CAN,-0.17566754522325745
1914,CAN,-0.17585386575918704
1915,CAN,-0.13901617310819603
1916,CAN,-0.16117799493166096
1917,CAN,-0.08905998328421028
1918,CAN,-0.24245613194514348
1919,CAN,-0.34590433829465184
1920,CAN,-0.36316762758629295
1921,CAN,-0.46093625066857946
1922,CAN,-0.37877065089532636
1923,CAN,-0.4384925698219728
1924,CAN,-0.4492530290891086
1925,CAN,-0.3698172213361559
1926,CAN,-0.3840163990540386
1927,CAN,-0.3051433007608182
1928,CAN,-0.23923417067895691
1929,CAN,-0.3088940303437724
1930,CAN,-0.2557748773476938
1931,CAN,-0.3517333100185045
1932,CAN,-0.29035364779634243
1933,CAN,-0.3487618047361494
1934,CAN,-0.3259997105628756
1935,CAN,-0.32482658310141055
1936,CAN,-0.40830199728674543
1937,CAN,-0.3628423467890993
1938,CAN,-0.2983901957477535
1939,CAN,-0.319150848257614
1940,CAN,-0.2667848366771661
1941,CAN,-0.3046418839555258
1942,CAN,-0.32568777804347704
1943,CAN,-0.46116620081450144
1944,CAN,-0.5051000280290232
1945,CAN,-0.495602418747783
1946,CAN,-0.28278844201630804
1947,CAN,-0.22604345751628152
1948,CAN,-0.24917366000020102
1949,CAN,-0.23593147301495776
1950,CAN,-0.2710221955737886
1951,CAN,-0.2947842361795132
1952,CAN,-0.2753018701993124
1953,CAN,-0.284570737554823
1954,CAN,-0.29672131161810533
1955,CAN,-0.2841874721758426
1956,CAN,-0.23228798785936
1957,CAN,-0.23804895352936128
1958,CAN,-0.21966994794850514
1959,CAN,-0.2580159488141103
1960,CAN,-0.257979267782126
1961,CAN,-0.25529964839426356
1962,CAN,-0.24942873202205362
1963,CAN,-0.24664543044859144
1964,CAN,-0.24477810077646822
1965,CAN,-0.24785682287878608
1966,CAN,-0.25556331623320716
1967,CAN,-0.2573718317274949
1968,CAN,-0.2583459248301043
1969,CAN,-0.24236394970146158
1970,CAN,-0.22093259761261486
1971,CAN,-0.19746328993415396
1972,CAN,-0.1985639150218539
1973,CAN,-0.1873595079647199
1974,CAN,-0.14925901149989684
1975,CAN,-0.12876434302645023
1976,CAN,-0.13022504724052197
1977,CAN,-0.14320736618312502
1978,CAN,-0.1584818852236527
1979,CAN,-0.1501258877212699
1980,CAN,-0.13843348196172656
1981,CAN,-0.13511828229644962
1982,CAN,-0.149567168770389
1983,CAN,-0.162874643843681
1984,CAN,-0.1783378558600095
1985,CAN,-0.16409063495220622
1986,CAN,-0.17302050720739537
1987,CAN,-0.17181629772899853
1988,CAN,-0.1694159619669282
1989,CAN,-0.18793562761420368
1990,CAN,-0.20647650154072572
1991,CAN,-0.22334986955306668
1992,CAN,-0.24931851192483556
1993,CAN,-0.25554633084113476
1994,CAN,-0.24963305456641827
1995,CAN,-0.24738579209562062
1996,CAN,-0.26765574045506746
1997,CAN,-0.2671262373857637
1998,CAN,-0.2659905718771327
1999,CAN,-0.25656332759065137
2000,CAN,-0.2439956612467693
2001,CAN,-0.2360294682546904
2002,CAN,-0.22428336481749156
2003,CAN,-0.22996255555655054
2004,CAN,-0.23174556809060398
2005,CAN,-0.23083198361347712
2006,CAN,-0.22789308536421338
2007,CAN,-0.22408608979753097
2008,CAN,-0.21275579679716472
2009,CAN,-0.20482876339240086
2010,CAN,-0.2009203695872479
2011,CAN,-0.18866639275671382
2012,CAN,-0.19757676188809015
2013,CAN,-0.19439741442838177
2014,CAN,-0.19832313596339546
2015,CAN,-0.21911108770212095
2016,CAN,-0.223730209649613
1870,CHE,0.16237933709626873
1871,CHE,0.157604792843137
1872,CHE,0.020896558062792003
1873,CHE,0.005804779292464701
1874,CHE,0.2280038758045757
1875,CHE,0.32321444650833886
1876,CHE,0.2810836750620833
1877,CHE,0.1707305372667527
1878,CHE,0.2036474729298945
1879,CHE,0.12533271648641264
1880,CHE,0.07367156773558925
1881,CHE,0.10646952202943538
1882,CHE,0.027195803742014135
1883,CHE,0.0583515264020491
1884,CHE,0.19071072910850262
1885,CHE,0.3093443035678849
1886,CHE,0.3390288679652329
1887,CHE,0.30312069906889505
1888,CHE,0.36091990112102224
1889,CHE,0.2891016955804204
1890,CHE,0.3534641432388348
1891,CHE,0.2735309779572894
1892,CHE,0.25615879066939407
1893,CHE,0.33520682879285424
1894,CHE,0.36018966418508214
1895,CHE,0.3050815159347753
1896,CHE,0.3953707628990273
1897,CHE,0.34745344398618627
1898,CHE,0.3753515220953165
1899,CHE,0.32518555513849634
1900,CHE,0.366038512401083
1901,CHE,0.23310103797284043
1902,CHE,0.27014404047431917
1903,CHE,0.22145086277515347
1904,CHE,0.3191745082178947
1905,CHE,0.3056534663667261
1906,CHE,0.26066806967964773
1907,CHE,0.25824455585212647
1908,CHE,0.36547549643856314
1909,CHE,0.28389924242102893
1910,CHE,0.3271795747376096
1911,CHE,0.3168485817614002
1912,CHE,0.3269439339283995
1913,CHE,0.29120923355218054
1914,CHE,0.32446808044010744
1915,CHE,0.3086980441207565
1916,CHE,0.25700471834323046
1917,CHE,0.2621595333847573
1918,CHE,0.0940720261173773
1919,CHE,0.08360882187607999
1920,CHE,0.16798695223355686
1921,CHE,0.0405513784926228
1922,CHE,0.1577906184682938
1923,CHE,0.08500389861956137
1924,CHE,0.14795449796578808
1925,CHE,0.15844990426351302
1926,CHE,0.1270958213399176
1927,CHE,0.19117943595389342
1928,CHE,0.2402618914577328
1929,CHE,0.2245804156929765
1930,CHE,0.31248796584869964
1931,CHE,0.39369902244461663
1932,CHE,0.4711203165113105
1933,CHE,0.5227826072023181
1934,CHE,0.4582603879683038
1935,CHE,0.34223378699220675
1936,CHE,0.19957657177097943
1937,CHE,0.26251071079563815
1938,CHE,0.2626449326621856
1939,CHE,0.20979609365663698
1940,CHE,0.14935522783384592
1941,CHE,-0.01956819699246104
1942,CHE,-0.23919977215657617
1943,CHE,-0.4101627300117041
1944,CHE,-0.46796469423466824
1945,CHE,-0.4487509317639038
1946,CHE,-0.02194412025388104
1947,CHE,0.03278706701286005
1948,CHE,0.0056204916180409015
1949,CHE,-0.021147341380881812
1950,CHE,-0.053451464799106674
1951,CHE,-0.04365276763607717
1952,CHE,-0.06875685578068946
1953,CHE,-0.07555618410894027
1954,CHE,-0.006977770447324616
1955,CHE,-0.0027557111379898913
1956,CHE,0.046960593275894524
1957,CHE,0.06945751075729767
1958,CHE,0.06078856059630944
1959,CHE,0.055421100546169555
1960,CHE,0.09494173167657216
1961,CHE,0.13874702498610425
1962,CHE,0.11482225616576791
1963,CHE,0.1132604222700806
1964,CHE,0.10529137590977555
1965,CHE,0.07774873039007169
1966,CHE,0.04115439876239435
1967,CHE,0.04638532468638701
1968,CHE,0.033792472534221574
1969,CHE,0.05457879074473837
1970,CHE,0.11748996385249377
1971,CHE,0.12724593217917857
1972,CHE,0.10868456301045448
1973,CHE,0.08684722706234282
1974,CHE,0.11030163097519541
1975,CHE,0.056144338748834954
1976,CHE,0.011435438727323444
1977,CHE,0.003908450459235269
1978,CHE,-0.03945465350691357
1979,CHE,-0.04013518916477388
1980,CHE,0.010801774409580744
1981,CHE,0.005322549717584835
1982,CHE,0.012757419911704204
1983,CHE,-0.01922668447693532
1984,CHE,-0.05541895608319969
1985,CHE,-0.056131841411382055
1986,CHE,-0.07071009383563087
1987,CHE,-0.09608003665151799
1988,CHE,-0.10569867409567024
1989,CHE,-0.0966322227467078
1990,CHE,-0.07671926676176533
1991,CHE,-0.08178996425359664
1992,CHE,-0.11268545595718216
1993,CHE,-0.13809994985141927
1994,CHE,-0.16157198435754516
1995,CHE,-0.17608661243437673
1996,CHE,-0.19975665855471902
1997,CHE,-0.2130031762972262
1998,CHE,-0.21902789412923163
1999,CHE,-0.24434574897687433
2000,CHE,-0.2424993850561865
2001,CHE,-0.23577775341960105
2002,CHE,-0.24759181066742464
2003,CHE,-0.2687492593545624
2004,CHE,-0.2740971259795213
2005,CHE,-0.2726896357533235
2006,CHE,-0.25652544386220555
2007,CHE,-0.23500885413568007
2008,CHE,-0.21152415845017636
2009,CHE,-0.1975822643889682
2010,CHE,-0.19723836506338088
2011,CHE,-0.19838974833767686
2012,CHE,-0.2130279392038812
2013,CHE,-0.21313248093245463
2014,CHE,-0.22062215451235723
2015,CHE,-0.24754689884731818
2016,CHE,-0.25585522964926
1870,DEU,-0.2846341956121963
1871,DEU,-0.320483209383041
1872,DEU,-0.2743010572268849
1873,DEU,-0.26466241637045407
1874,DEU,-0.17385145675794966
1875,DEU,-0.20716536778458305
1876,DEU,-0.21617143636915603
1877,DEU,-0.2444082215433392
1878,DEU,-0.22967052331049675
1879,DEU,-0.3605793084877531
1880,DEU,-0.4692829848081326
1881,DEU,-0.462256683019608
1882,DEU,-0.49021568994064957
1883,DEU,-0.44321107393747905
1884,DEU,-0.4214459721300887
1885,DEU,-0.3889673144961261
1886,DEU,-0.39850641086981575
1887,DEU,-0.39230822420803335
1888,DEU,-0.33786476760717665
1889,DEU,-0.3609021261633618
1890,DEU,-0.33440069004024053
1891,DEU,-0.36933726595847016
1892,DEU,-0.4119316304988585
1893,DEU,-0.30443647267129936
1894,DEU,-0.2435067611836077
1895,DEU,-0.3050581400319121
1896,DEU,-0.24619980771571903
1897,DEU,-0.30642775128938204
1898,DEU,-0.2830879535273967
1899,DEU,-0.3325886586558129
1900,DEU,-0.3152183412903753
1901,DEU,-0.44123822180690997
1902,DEU,-0.42382672053356707
1903,DEU,-0.41399584896145925
1904,DEU,-0.35775076580878995
1905,DEU,-0.402474354451293
1906,DEU,-0.47705811547440113
1907,DEU,-0.44525619833679997
1908,DEU,-0.33747701144905307
1909,DEU,-0.42670300063339717
1910,DEU,-0.39390067451483013
1911,DEU,-0.3922889127285565
1912,DEU,-0.38928315596775853
1913,DEU,-0.3736636206496886
1914,DEU,-0.450266452040605
1915,DEU,-0.5175306341808463
1916,DEU,-0.6206711395292697
1917,DEU,-0.5752872197323269
1918,DEU,-0.6402621669926187
1919,DEU,-0.7868054080819462
1920,DEU,-0.68617199701026
1921,DEU,-0.5477633966979276
1922,DEU,-0.5086980892514585
1923,DEU,-0.8073105073361901
1924,DEU,-0.6670007708145551
1925,DEU,-0.5759818417029461
1926,DEU,-0.6052187688724153
1927,DEU,-0.5120428359737055
1928,DEU,-0.47387063472500834
1929,DEU,-0.5322721155388646
1930,DEU,-0.44698617234096716
1931,DEU,-0.44380852005719085
1932,DEU,-0.37850093968313736
1933,DEU,-0.29521840317621617
1934,DEU,-0.28170128113663395
1935,DEU,-0.28289265825771537
1936,DEU,-0.3321047651848392
1937,DEU,-0.31664398809658856
1938,DEU,-0.2044615969529282
1939,DEU,-0.19355080724942653
1940,DEU,-0.260423044162966
1941,DEU,-0.36240662199145923
1942,DEU,-0.5289080609792247
1943,DEU,-0.6707297042217544
1944,DEU,-0.7066942298397549
1945,DEU,-0.9530811770661245
1946,DEU,-1.4227433390810802
1947,DEU,-1.294081657719448
1948,DEU,-1.1627831996143048
1949,DEU,-1.0023600135211623
1950,DEU,-0.9016649242062584
1951,DEU,-0.8776753684910048
1952,DEU,-0.8179530033830016
1953,DEU,-0.7717697766839589
1954,DEU,-0.6802478711595885
1955,DEU,-0.6311384705662153
1956,DEU,-0.5692985596222933
1957,DEU,-0.5199911305933025
1958,DEU,-0.45614998502271575
1959,DEU,-0.44776575798150375
1960,DEU,-0.38541977551483164
1961,DEU,-0.3603218502039951
1962,DEU,-0.37012887859368426
1963,DEU,-0.3783936450438521
1964,DEU,-0.37001094568706705
1965,DEU,-0.3789982820351536
1966,DEU,-0.4091601800144691
1967,DEU,-0.4220008090270717
1968,DEU,-0.4099333946831223
1969,DEU,-0.3742607019303925
1970,DEU,-0.32687383690014826
1971,DEU,-0.32328373955714795
1972,DEU,-0.3283939270195031
1973,DEU,-0.33266226867913495
1974,DEU,-0.3126856046007145
1975,DEU,-0.3018755697264144
1976,DEU,-0.29141746982794636
1977,DEU,-0.295528760430507
1978,DEU,-0.3115061179665144
1979,DEU,-0.29471385045279597
1980,DEU,-0.2747746243101048
1981,DEU,-0.2871919982210631
1982,DEU,-0.2663879932338684
1983,DEU,-0.2779523742148644
1984,DEU,-0.3083566026514184
1985,DEU,-0.3136456828640952
1986,DEU,-0.3168629424430325
1987,DEU,-0.3275971276604732
1988,DEU,-0.33094433612956564
1989,DEU,-0.33119153835529325
1990,DEU,-0.37604480691640774
1991,DEU,-0.31581606520441063
1992,DEU,-0.3210536819485359
1993,DEU,-0.350854294344769
1994,DEU,-0.3561560159826307
1995,DEU,-0.35362452703076563
1996,DEU,-0.3717132513927268
1997,DEU,-0.3869016574025572
1998,DEU,-0.39990783704325317
1999,DEU,-0.41627860653173876
2000,DEU,-0.41550278914029626
2001,DEU,-0.405153922953577
2002,DEU,-0.4146998496715888
2003,DEU,-0.4339593803557804
2004,DEU,-0.4485766813031571
2005,DEU,-0.4627139954944308
2006,DEU,-0.44769350564832955
2007,DEU,-0.4321819648412468
2008,DEU,-0.40703781085512425
2009,DEU,-0.4126441860019092
2010,DEU,-0.3891734282934305
2011,DEU,-0.36115891007918677
2012,DEU,-0.3709365336535111
2013,DEU,-0.3773730528540149
2014,DEU,-0.38053989055590876
2015,DEU,-0.3953231837538329
2016,DEU,-0.39460198528451684
1870,DNK,-0.19916446968140633
1871,DNK,-0.22776906421234422
1872,DNK,-0.196820006456071
1873,DNK,-0.23610439054611998
1874,DNK,-0.18695991368603782
1875,DNK,-0.20752052840896695
1876,DNK,-0.1877664743023031
1877,DNK,-0.23777742303729354
1878,DNK,-0.23010480332724015
1879,DNK,-0.30316671260560923
1880,DNK,-0.3781271625411291
1881,DNK,-0.38730478306134763
1882,DNK,-0.3986965500730584
1883,DNK,-0.37305164688036907
1884,DNK,-0.37351917299565063
1885,DNK,-0.3631453337357442
1886,DNK,-0.343635505548324
1887,DNK,-0.3412139951711808
1888,DNK,-0.3175559597087183
1889,DNK,-0.3523588888600848
1890,DNK,-0.29584465430835927
1891,DNK,-0.3052432042787858
1892,DNK,-0.36120918747154196
1893,DNK,-0.28007228348137847
1894,DNK,-0.22073703266059397
1895,DNK,-0.2742138021484921
1896,DNK,-0.21170650113354839
1897,DNK,-0.2750715980174485
1898,DNK,-0.27547137449722126
1899,DNK,-0.31653932923173933
1900,DNK,-0.30460352735195784
1901,DNK,-0.36325789778406303
1902,DNK,-0.341719548765095
1903,DNK,-0.3243457092313964
1904,DNK,-0.2821244695931071
1905,DNK,-0.32742273071858463
1906,DNK,-0.400834557117399
1907,DNK,-0.373496928838696
1908,DNK,-0.2499186069000352
1909,DNK,-0.32025615929092943
1910,DNK,-0.29245288824904314
1911,DNK,-0.2687314343099203
1912,DNK,-0.3105795724090381
1913,DNK,-0.303752504916293
1914,DNK,-0.15492728867131333
1915,DNK,-0.25271983819538946
1916,DNK,-0.33847684485668594
1917,DNK,-0.3722676776964988
1918,DNK,-0.4923813796562708
1919,DNK,-0.38645189743776065
1920,DNK,-0.3299274533835259
1921,DNK,-0.330152811728464
1922,DNK,-0.284925547841139
1923,DNK,-0.30169634444780513
1924,DNK,-0.31946244752794506
1925,DNK,-0.3610763839372648
1926,DNK,-0.3618872401664781
1927,DNK,-0.3449324199875381
1928,DNK,-0.3168304695023707
1929,DNK,-0.30693966432966135
1930,DNK,-0.15122447963243246
1931,DNK,-0.06012809285005716
1932,DNK,0.05181406215376505
1933,DNK,0.1021231035584087
1934,DNK,0.05487714103417218
1935,DNK,0.002347927951285911
1936,DNK,-0.10692608727635111
1937,DNK,-0.1260753211269936
1938,DNK,-0.0612655655036658
1939,DNK,-0.090521322358601
1940,DNK,-0.3148575672982741
1941,DNK,-0.5844944574528306
1942,DNK,-0.7441148469568599
1943,DNK,-0.8186241345477825
1944,DNK,-0.7997604141166033
1945,DNK,-0.8377492852806956
1946,DNK,-0.46500125624133837
1947,DNK,-0.38692569667852794
1948,DNK,-0.39068580233391437
1949,DNK,-0.32001886730822804
1950,DNK,-0.3199796749352899
1951,DNK,-0.3773473693506535
1952,DNK,-0.3941569477541851
1953,DNK,-0.3753210474773603
1954,DNK,-0.34027047912529795
1955,DNK,-0.3876215055795118
1956,DNK,-0.38336822840119744
1957,DNK,-0.31552589307244006
1958,DNK,-0.27245573982215276
1959,DNK,-0.26253059127896705
1960,DNK,-0.25122420855164584
1961,DNK,-0.20247594415011783
1962,DNK,-0.1999606428600309
1963,DNK,-0.22951595285801396
1964,DNK,-0.19026658582581746
1965,DNK,-0.20300662234447842
1966,DNK,-0.23623434075173577
1967,DNK,-0.22554621498481886
1968,DNK,-0.2276619191806457
1969,DNK,-0.19177011765348517
1970,DNK,-0.16957430679508434
1971,DNK,-0.1683065286240435
1972,DNK,-0.16354748073229786
1973,DNK,-0.17961867771653317
1974,DNK,-0.1817034286824981
1975,DNK,-0.17853856448377492
1976,DNK,-0.15992081738533592
1977,DNK,-0.18118249780784978
1978,DNK,-0.2145189762278754
1979,DNK,-0.20455924427792027
1980,DNK,-0.19885244490064657
1981,DNK,-0.22236806177792978
1982,DNK,-0.1633573873547416
1983,DNK,-0.16975247945515015
1984,DNK,-0.1878805412171758
1985,DNK,-0.17541326478047914
1986,DNK,-0.1657057168705478
1987,DNK,-0.18967876232425596
1988,DNK,-0.21073289538449202
1989,DNK,-0.233282232045541
1990,DNK,-0.22898057156621832
1991,DNK,-0.2026845373898798
1992,DNK,-0.20603395859913576
1993,DNK,-0.22534860702924675
1994,DNK,-0.2029362214139354
1995,DNK,-0.1911803849724869
1996,DNK,-0.19392755703518283
1997,DNK,-0.1981394070775906
1998,DNK,-0.21131018464795837
1999,DNK,-0.22495774205122387
2000,DNK,-0.22294449886923395
2001,DNK,-0.220205614868485
2002,DNK,-0.22776724992111852
2003,DNK,-0.24404534384142806
2004,DNK,-0.24974109762950825
2005,DNK,-0.25010874068492583
2006,DNK,-0.23668072880722235
2007,DNK,-0.23360937304891216
2008,DNK,-0.23167603439651252
2009,DNK,-0.25041230282431215
2010,DNK,-0.25990506553725545
2011,DNK,-0.2803378369820333
2012,DNK,-0.31463957478208116
2013,DNK,-0.33498899515211633
2014,DNK,-0.3592141770096653
2015,DNK,-0.3808755827822097
2016,DNK,-0.390297086002791
1870,ESP,-0.6908424934702939
1871,ESP,-0.6402573570887187
1872,ESP,-0.5130450302808303
1873,ESP,-0.46007537778665686
1874,ESP,-0.5211272407974574
1875,ESP,-0.5218016680733584
1876,ESP,-0.4808362792105694
1877,ESP,-0.38720915555817026
1878,ESP,-0.44825114167135993
1879,ESP,-0.6174982971644241
1880,ESP,-0.6233365854780857
1881,ESP,-0.626198676396184
1882,ESP,-0.6598175913090687
1883,ESP,-0.6461312477204437
1884,ESP,-0.637824017829014
1885,ESP,-0.6606863723203924
1886,ESP,-0.6916987816425184
1887,ESP,-0.7362576626312434
1888,ESP,-0.6715842552306404
1889,ESP,-0.7134461261342544
1890,ESP,-0.7096942854773465
1891,ESP,-0.7129618613657369
1892,ESP,-0.7047491740676737
1893,ESP,-0.6795041710629395
1894,ESP,-0.6197005027705513
1895,ESP,-0.7317921261703315
1896,ESP,-0.7972592539353833
1897,ESP,-0.8126921422471991
1898,ESP,-0.7530730310869691
1899,ESP,-0.819377937026772
1900,ESP,-0.8140742499640314
1901,ESP,-0.8260303832559845
1902,ESP,-0.8680565862386009
1903,ESP,-0.9071230896033065
1904,ESP,-0.8948514099797187
1905,ESP,-0.9607466070157722
1906,ESP,-0.9942630572947033
1907,ESP,-0.9724322563296806
1908,ESP,-0.8366541250662731
1909,ESP,-0.9112470743123904
1910,ESP,-0.9539933655514128
1911,ESP,-0.9003748628535524
1912,ESP,-0.9685783997023458
1913,ESP,-0.9366587961163315
1914,ESP,-0.8721805310593496
1915,ESP,-0.8821254391040396
1916,ESP,-0.9629292995532932
1917,ESP,-0.9441079712155629
1918,ESP,-1.0311052274041606
1919,ESP,-1.019799167694413
1920,ESP,-0.9271644265647874
1921,ESP,-0.8609789761120679
1922,ESP,-0.8696950027332937
1923,ESP,-0.9748446272055507
1924,ESP,-0.9613902036889916
1925,ESP,-0.9122916390992266
1926,ESP,-0.9822328478912175
1927,ESP,-0.8970400930528664
1928,ESP,-0.9092774397552601
1929,ESP,-0.8920853513877018
1930,ESP,-0.8492593174428604
1931,ESP,-0.7970238774415721
1932,ESP,-0.6309095894080015
1933,ESP,-0.6476295789394992
1934,ESP,-0.6910633356971418
1935,ESP,-0.751400133136368
1936,ESP,-1.1584355060605551
1937,ESP,-1.2746998519586699
1938,ESP,-1.232974831276139
1939,ESP,-1.2111469661648826
1940,ESP,-1.1828222403145334
1941,ESP,-1.3339617074999204
1942,ESP,-1.4441060402874104
1943,ESP,-1.566246554343488
1944,ESP,-1.6002035769403609
1945,ESP,-1.6388035318505985
1946,ESP,-1.363501204024284
1947,ESP,-1.317433109368638
1948,ESP,-1.347398416217585
1949,ESP,-1.346498986036539
1950,ESP,-1.4049321149048932
1951,ESP,-1.371153573990373
1952,ESP,-1.3111217174740801
1953,ESP,-1.3487224383527963
1954,ESP,-1.2624552682824701
1955,ESP,-1.2868650036058522
1956,ESP,-1.2173026274151404
1957,ESP,-1.1909994244899575
1958,ESP,-1.1093780255374952
1959,ESP,-1.1817884306311885
1960,ESP,-1.1999984612671692
1961,ESP,-1.1027619417419778
1962,ESP,-1.061095582758444
1963,ESP,-1.001557010954862
1964,ESP,-0.9987543657360334
1965,ESP,-0.9820877574346802
1966,ESP,-0.9736827688603338
1967,ESP,-0.9459655345845164
1968,ESP,-0.9358907653009609
1969,ESP,-0.8786918056945598
1970,ESP,-0.8471750324328795
1971,ESP,-0.825852927085549
1972,ESP,-0.7794911753646989
1973,ESP,-0.7500340741601068
1974,ESP,-0.6755834802512446
1975,ESP,-0.6443043734625675
1976,ESP,-0.6523251468697815
1977,ESP,-0.6647109974345025
1978,ESP,-0.6923938568973789
1979,ESP,-0.7068677818587084
1980,ESP,-0.6718764105404365
1981,ESP,-0.6948319290825147
1982,ESP,-0.655546266143336
1983,ESP,-0.6738739631870914
1984,ESP,-0.7306421391013096
1985,ESP,-0.7333600142818213
1986,ESP,-0.7215401953070053
1987,ESP,-0.6816904172628799
1988,ESP,-0.6539549240692981
1989,ESP,-0.6174738874865113
1990,ESP,-0.5780398592979576
1991,ESP,-0.5321314490718674
1992,ESP,-0.5413184301639671
1993,ESP,-0.5780097472826551
1994,ESP,-0.5837235429263714
1995,ESP,-0.564784840224057
1996,ESP,-0.5675252785537648
1997,ESP,-0.5661775540670408
1998,ESP,-0.5556875542238657
1999,ESP,-0.5485735374549261
2000,ESP,-0.5309543213632058
2001,ESP,-0.4978037323078457
2002,ESP,-0.49342295070394115
2003,ESP,-0.49664362298199016
2004,ESP,-0.5054099954373665
2005,ESP,-0.508291147485334
2006,ESP,-0.5003308604145946
2007,ESP,-0.4921597880068518
2008,ESP,-0.4840017957119258
2009,ESP,-0.4841632101279849
2010,ESP,-0.5081211706864561
2011,ESP,-0.5510384382307851
2012,ESP,-0.6160674900511616
2013,ESP,-0.6560018341705618
2014,ESP,-0.6739253882757676
2015,ESP,-0.6698299974625854
2016,ESP,-0.6596511807232979
1870,FIN,-0.7631512106260914
1871,FIN,-0.7980121865350025
1872,FIN,-0.7971006800083007
1873,FIN,-0.7803415102118931
1874,FIN,-0.7413846347382256
1875,FIN,-0.7633681682063793
1876,FIN,-0.7135332985455776
1877,FIN,-0.7621263073251292
1878,FIN,-0.8136690922398628
1879,FIN,-0.9131756585124222
1880,FIN,-1.0141739444672186
1881,FIN,-1.063554950693085
1882,FIN,-1.0206360765829752
1883,FIN,-0.9986900089269781
1884,FIN,-1.0017375830473156
1885,FIN,-0.9767648424098834
1886,FIN,-0.9487827131589164
1887,FIN,-0.9710271053851791
1888,FIN,-0.9242282201729903
1889,FIN,-0.9450638065288945
1890,FIN,-0.8985527563445137
1891,FIN,-0.9429721648005822
1892,FIN,-1.0691002068405835
1893,FIN,-0.953233911785218
1894,FIN,-0.8620357596649342
1895,FIN,-0.8927593684863986
1896,FIN,-0.8029891956083324
1897,FIN,-0.8419258819099635
1898,FIN,-0.8178986007514233
1899,FIN,-0.9246919235856579
1900,FIN,-0.8968242026749307
1901,FIN,-1.003651479788462
1902,FIN,-1.021728808024677
1903,FIN,-0.9930898641375405
1904,FIN,-0.9350768947619219
1905,FIN,-0.9802479580600885
1906,FIN,-1.040508167148758
1907,FIN,-1.0155672058072254
1908,FIN,-0.9137223426078505
1909,FIN,-0.9793729003858216
1910,FIN,-0.956916832815554
1911,FIN,-0.9562924040871259
1912,FIN,-0.9445070568075176
1913,FIN,-0.9208387141015208
1914,FIN,-0.8749937920472028
1915,FIN,-0.9497370321755207
1916,FIN,-1.0590269281690858
1917,FIN,-1.1998096127101423
1918,FIN,-1.4185785285479682
1919,FIN,-1.2312723968696107
1920,FIN,-1.1014507703687952
1921,FIN,-1.038349580227039
1922,FIN,-0.9902246829595152
1923,FIN,-1.036319257303604
1924,FIN,-1.030458639486473
1925,FIN,-0.9926618240206198
1926,FIN,-1.0153896610188236
1927,FIN,-0.9446218508717008
1928,FIN,-0.8864862788206898
1929,FIN,-0.9318749466018987
1930,FIN,-0.8461557737530612
1931,FIN,-0.7909295345815117
1932,FIN,-0.6549403901898856
1933,FIN,-0.5699343272693644
1934,FIN,-0.5371756517745698
1935,FIN,-0.5696681968428265
1936,FIN,-0.6377053622735076
1937,FIN,-0.6251791292350664
1938,FIN,-0.5346208016329204
1939,FIN,-0.6550684068664587
1940,FIN,-0.7777756019846205
1941,FIN,-0.9041964598737611
1942,FIN,-1.0742314628614071
1943,FIN,-1.1364783943045005
1944,FIN,-1.208158534397386
1945,FIN,-1.2220937548090198
1946,FIN,-0.9151022945842904
1947,FIN,-0.871601171913019
1948,FIN,-0.8288371017167968
1949,FIN,-0.7694719830675538
1950,FIN,-0.8100367431087676
1951,FIN,-0.7943678870742037
1952,FIN,-0.7915319474947644
1953,FIN,-0.8248228108705327
1954,FIN,-0.7281178112970501
1955,FIN,-0.7404278809471521
1956,FIN,-0.723247559390737
1957,FIN,-0.6876563907825108
1958,FIN,-0.6636592961705734
1959,FIN,-0.6687917759022106
1960,FIN,-0.597885493339458
1961,FIN,-0.537958624731484
1962,FIN,-0.5572492366807111
1963,FIN,-0.5598485687292296
1964,FIN,-0.5585032676134976
1965,FIN,-0.5593848917134157
1966,FIN,-0.591290180304199
1967,FIN,-0.5896133427326262
1968,FIN,-0.607871660465241
1969,FIN,-0.5364113331943159
1970,FIN,-0.45068722236095127
1971,FIN,-0.44936007691153357
1972,FIN,-0.4227077679159503
1973,FIN,-0.4091680186663371
1974,FIN,-0.3726186361530317
1975,FIN,-0.3529306165935484
1976,FIN,-0.40178887914037453
1977,FIN,-0.4363771442394295
1978,FIN,-0.463424900699275
1979,FIN,-0.42113174774974205
1980,FIN,-0.36092863889361304
1981,FIN,-0.36159894318138974
1982,FIN,-0.30671315927966347
1983,FIN,-0.3179626744638213
1984,FIN,-0.355195854952461
1985,FIN,-0.35530115069216883
1986,FIN,-0.35976076763022036
1987,FIN,-0.34813221819580065
1988,FIN,-0.3354222642507718
1989,FIN,-0.3080545322904147
1990,FIN,-0.31885441447422025
1991,FIN,-0.37022218544555763
1992,FIN,-0.43072500337354924
1993,FIN,-0.45871353414467464
1994,FIN,-0.45506031700942984
1995,FIN,-0.43311335160359477
1996,FIN,-0.4261864076943809
1997,FIN,-0.4003308594834891
1998,FIN,-0.38462522002316923
1999,FIN,-0.38410547605347567
2000,FIN,-0.3636906680228673
2001,FIN,-0.34421449611177124
2002,FIN,-0.3371878617237396
2003,FIN,-0.33594723062240384
2004,FIN,-0.3223038003586627
2005,FIN,-0.3163019735827035
2006,FIN,-0.2912468286901131
2007,FIN,-0.2500625287386633
2008,FIN,-0.23549726053043685
2009,FIN,-0.2815576034318088
2010,FIN,-0.26939801808159736
2011,FIN,-0.2775023818579996
2012,FIN,-0.32970821463946187
2013,FIN,-0.36771849022267844
2014,FIN,-0.41445102173504544
2015,FIN,-0.4486915037350343
2016,FIN,-0.45093593608602767
1870,FRA,-0.2649437594396824
1871,FRA,-0.27588683544734405
1872,FRA,-0.2009224520100501
1873,FRA,-0.3037293848197393
1874,FRA,-0.15830761564137408
1875,FRA,-0.1578794323128303
1876,FRA,-0.23688554060543776
1877,FRA,-0.19879896576910472
1878,FRA,-0.23533176975725567
1879,FRA,-0.3984345575121866
1880,FRA,-0.4065051353590512
1881,FRA,-0.382404762332631
1882,FRA,-0.377530746047146
1883,FRA,-0.377939480487413
1884,FRA,-0.38767391257418016
1885,FRA,-0.3929826420685476
1886,FRA,-0.38712839474139216
1887,FRA,-0.403716103664828
1888,FRA,-0.368833329976475
1889,FRA,-0.38506045960137136
1890,FRA,-0.3559660900900887
1891,FRA,-0.3546266426161937
1892,FRA,-0.4024354528302885
1893,FRA,-0.3164237505363605
1894,FRA,-0.2326247660797751
1895,FRA,-0.34953938437634147
1896,FRA,-0.2661820167600517
1897,FRA,-0.3564437694043274
1898,FRA,-0.3145503940951695
1899,FRA,-0.3304043062431008
1900,FRA,-0.3524460880721332
1901,FRA,-0.45697716430808466
1902,FRA,-0.46552686280670663
1903,FRA,-0.47485361776522517
1904,FRA,-0.4376053035752836
1905,FRA,-0.4725339629291785
1906,FRA,-0.5456137804337811
1907,FRA,-0.500547622356466
1908,FRA,-0.40397347600079847
1909,FRA,-0.4602047189397158
1910,FRA,-0.5152117735780086
1911,FRA,-0.4400083425624608
1912,FRA,-0.39189753856834386
1913,FRA,-0.41944252888475475
1914,FRA,-0.3940075807608707
1915,FRA,-0.4038407721261148
1916,FRA,-0.4549785922746903
1917,FRA,-0.566233691923399
1918,FRA,-0.8596404406756246
1919,FRA,-0.7033490669115601
1920,FRA,-0.5426887529086262
1921,FRA,-0.5488038130056587
1922,FRA,-0.42814984297126557
1923,FRA,-0.49606262809182766
1924,FRA,-0.3996027759446079
1925,FRA,-0.41070795386395886
1926,FRA,-0.44064569436750034
1927,FRA,-0.45943790046955435
1928,FRA,-0.39368390064586123
1929,FRA,-0.38164872424756346
1930,FRA,-0.31553173145659663
1931,FRA,-0.2955055656038805
1932,FRA,-0.21491855018958894
1933,FRA,-0.11943796498414905
1934,FRA,-0.19879138091930315
1935,FRA,-0.29115072215668647
1936,FRA,-0.37966974709374135
1937,FRA,-0.3598900677260577
1938,FRA,-0.3160775192739873
1939,FRA,-0.3138840306621091
1940,FRA,-0.5505047953729765
1941,FRA,-0.9080655421224524
1942,FRA,-1.1839411858752058
1943,FRA,-1.393054919942064
1944,FRA,-1.6278166437595019
1945,FRA,-1.5152000969729489
1946,FRA,-0.8694069067198154
1947,FRA,-0.7642884762472644
1948,FRA,-0.7242770225070068
1949,FRA,-0.5923054610473564
1950,FRA,-0.611794809301081
1951,FRA,-0.6164910274525806
1952,FRA,-0.6172879570734651
1953,FRA,-0.6243979539723412
1954,FRA,-0.5603443089994666
1955,FRA,-0.564120428823065
1956,FRA,-0.5262304561384514
1957,FRA,-0.4793082288395656
1958,FRA,-0.4387265310834252
1959,FRA,-0.47573016763888276
1960,FRA,-0.42616620668686167
1961,FRA,-0.3901549764318908
1962,FRA,-0.38916768399076673
1963,FRA,-0.3811225582682507
1964,FRA,-0.37035296369630544
1965,FRA,-0.3812122185916369
1966,FRA,-0.3926228396446234
1967,FRA,-0.3690969525549246
1968,FRA,-0.369934159325199
1969,FRA,-0.33250226797851035
1970,FRA,-0.27554000054740513
1971,FRA,-0.25623120554078227
1972,FRA,-0.2624431500281954
1973,FRA,-0.26341890585206507
1974,FRA,-0.22926249747050242
1975,FRA,-0.22850846291965432
1976,FRA,-0.23155011785016555
1977,FRA,-0.23319148030743264
1978,FRA,-0.2548109563807657
1979,FRA,-0.24991881852721853
1980,FRA,-0.22960601228582966
1981,FRA,-0.23948759727306523
1982,FRA,-0.19148483902095847
1983,FRA,-0.21596874883580597
1984,FRA,-0.26865349252815207
1985,FRA,-0.2881791311900237
1986,FRA,-0.2936031992889969
1987,FRA,-0.2989368174030229
1988,FRA,-0.2927324552626729
1989,FRA,-0.28737900651975146
1990,FRA,-0.27361033636153564
1991,FRA,-0.2532703708658772
1992,FRA,-0.26415253550142737
1993,FRA,-0.29130202102287583
1994,FRA,-0.3018426123127096
1995,FRA,-0.29944248693167985
1996,FRA,-0.318439969239547
1997,FRA,-0.3329354404309566
1998,FRA,-0.3352403773447108
1999,FRA,-0.34330804389322367
2000,FRA,-0.34182787968543416
2001,FRA,-0.33018578995777936
2002,FRA,-0.3354234784599033
2003,FRA,-0.34857057760448207
2004,FRA,-0.35414552961144175
2005,FRA,-0.3631412259752267
2006,FRA,-0.3616386986272637
2007,FRA,-0.35470365430261097
2008,FRA,-0.34841400291993807
2009,FRA,-0.34172887455371814
2010,FRA,-0.35043802916279
2011,FRA,-0.3433164377064575
2012,FRA,-0.36108943720170217
2013,FRA,-0.37009246571046717
2014,FRA,-0.3839144678377906
2015,FRA,-0.3992774254328495
2016,FRA,-0.3993703129104933
1870,GBR,0.2662575894979735
1871,GBR,0.2861063889707074
1872,GBR,0.26717972168836557
1873,GBR,0.25619239636036895
1874,GBR,0.292646684750415
1875,GBR,0.27866193836307307
1876,GBR,0.28856319253949714
1877,GBR,0.2774208374380045
1878,GBR,0.2514760531191449
1879,GBR,0.14175027715460065
1880,GBR,0.08813773648649992
1881,GBR,0.10415768394442892
1882,GBR,0.08745877547065106
1883,GBR,0.087345018863628
1884,GBR,0.08688153379855024
1885,GBR,0.08881864339279844
1886,GBR,0.08881816459654424
1887,GBR,0.09748607647176577
1888,GBR,0.15948826317370113
1889,GBR,0.1645445488119428
1890,GBR,0.16709938011724823
1891,GBR,0.13670224184560986
1892,GBR,0.031246046493460966
1893,GBR,0.09124870177805633
1894,GBR,0.19539616277670468
1895,GBR,0.12215249453016419
1896,GBR,0.19255368853497856
1897,GBR,0.12315534318579147
1898,GBR,0.15824325245474036
1899,GBR,0.11979158991810124
1900,GBR,0.09351923345103685
1901,GBR,-0.0030211444578363
1902,GBR,0.0233973959603766
1903,GBR,-0.024755826694311978
1904,GBR,0.004166791695944028
1905,GBR,-0.026563361571934507
1906,GBR,-0.09234759471543441
1907,GBR,-0.07933813003627499
1908,GBR,-0.024735268896133533
1909,GBR,-0.10651785066848163
1910,GBR,-0.07376157583077969
1911,GBR,-0.06907888525849515
1912,GBR,-0.08817825233972698
1913,GBR,-0.07442496510953056
1914,GBR,0.026195991498925153
1915,GBR,0.08358962490445165
1916,GBR,-0.013707121532162247
1917,GBR,0.03248638007046978
1918,GBR,-0.03592119552072681
1919,GBR,-0.1538451010459827
1920,GBR,-0.19954860012375875
1921,GBR,-0.18152378499603827
1922,GBR,-0.17791265613983676
1923,GBR,-0.2585715457479729
1924,GBR,-0.2362856818736585
1925,GBR,-0.19982797036652755
1926,GBR,-0.29086130469990046
1927,GBR,-0.2129811358879099
1928,GBR,-0.2040165541499146
1929,GBR,-0.22598500748065398
1930,GBR,-0.13266003893946277
1931,GBR,-0.1022055622908642
1932,GBR,0.04771643794335034
1933,GBR,0.09965002241606236
1934,GBR,0.09220127836254655
1935,GBR,0.058986024025522
1936,GBR,-0.027571731306668568
1937,GBR,-0.03360647223328783
1938,GBR,0.0225922325666037
1939,GBR,-0.04654168101692058
1940,GBR,-0.02216103973750272
1941,GBR,-0.09237009416996322
1942,GBR,-0.24310511012347114
1943,GBR,-0.3970460594374945
1944,GBR,-0.5101066899228393
1945,GBR,-0.506430287262253
1946,GBR,-0.30997573736128636
1947,GBR,-0.2967386751402241
1948,GBR,-0.2954767843237214
1949,GBR,-0.25139381761061763
1950,GBR,-0.320517139382261
1951,GBR,-0.35076252564307175
1952,GBR,-0.37486508301174126
1953,GBR,-0.36791416684313916
1954,GBR,-0.30719398383596364
1955,GBR,-0.3256531452513993
1956,GBR,-0.3195771726516625
1957,GBR,-0.30902879576069786
1958,GBR,-0.2885712740354851
1959,GBR,-0.30962788322049306
1960,GBR,-0.2703117574941647
1961,GBR,-0.2525950089705393
1962,GBR,-0.2948030169677516
1963,GBR,-0.2912357644473431
1964,GBR,-0.28887908091846626
1965,GBR,-0.31922453879168877
1966,GBR,-0.3574999248704671
1967,GBR,-0.3548950836563911
1968,GBR,-0.3561086717409072
1969,GBR,-0.36365425332619417
1970,GBR,-0.33350822970270677
1971,GBR,-0.3355732142019292
1972,GBR,-0.34480932988294555
1973,GBR,-0.3277592589150622
1974,GBR,-0.32975218441140264
1975,GBR,-0.3180784520221742
1976,GBR,-0.3373063693919338
1977,GBR,-0.3496197619954504
1978,GBR,-0.3592632708172854
1979,GBR,-0.3555573381712289
1980,GBR,-0.3622784721151966
1981,GBR,-0.39147816594615037
1982,GBR,-0.34681821410406855
1983,GBR,-0.34463983229620077
1984,GBR,-0.38298810195301414
1985,GBR,-0.3802281188687715
1986,GBR,-0.3650138150344002
1987,GBR,-0.347404024779701
1988,GBR,-0.3340505167299863
1989,GBR,-0.3399504647057139
1990,GBR,-0.34507287908791184
1991,GBR,-0.34594997138805716
1992,GBR,-0.36691107122978295
1993,GBR,-0.36211527888025863
1994,GBR,-0.3508753715560804
1995,GBR,-0.33718650983524157
1996,GBR,-0.3365315023735569
1997,GBR,-0.3104706736343825
1998,GBR,-0.31004229568452857
1999,GBR,-0.31842771429636585
2000,GBR,-0.31026730336600217
2001,GBR,-0.28662513556527713
2002,GBR,-0.27509369604975653
2003,GBR,-0.25787074648887653
2004,GBR,-0.2591004823075611
2005,GBR,-0.2587421128906673
2006,GBR,-0.25558422077291
2007,GBR,-0.23593321487609664
2008,GBR,-0.23922673075745493
2009,GBR,-0.2412657950964192
2010,GBR,-0.24871757492266866
2011,GBR,-0.25067764015766336
2012,GBR,-0.2590117815025863
2013,GBR,-0.2560388691453017
2014,GBR,-0.25151047184275654
2015,GBR,-0.2587708548373815
2016,GBR,-0.256957522716883
1870,ITA,-0.4609823586668771
1871,ITA,-0.5069459630195139
1872,ITA,-0.5445751142320896
1873,ITA,-0.5744632694737488
1874,ITA,-0.49383794632154476
1875,ITA,-0.5166348390188515
1876,ITA,-0.5304607084293211
1877,ITA,-0.533761913257063
1878,ITA,-0.5283644686705617
1879,ITA,-0.6204035234301069
1880,ITA,-0.6950731832462385
1881,ITA,-0.6751596175200447
1882,ITA,-0.7003757585541663
1883,ITA,-0.6914594050720844
1884,ITA,-0.7012267804673851
1885,ITA,-0.6712938788229375
1886,ITA,-0.6570475763660903
1887,ITA,-0.6542962145767941
1888,ITA,-0.6334619555572125
1889,ITA,-0.7037277149902623
1890,ITA,-0.6968625458634001
1891,ITA,-0.7055335000638472
1892,ITA,-0.7769097766350752
1893,ITA,-0.6920560356010865
1894,ITA,-0.6379919008582506
1895,ITA,-0.7249737548269453
1896,ITA,-0.6710176012446594
1897,ITA,-0.7422679265328878
1898,ITA,-0.7489816966140124
1899,ITA,-0.8073478679613348
1900,ITA,-0.7910207191509748
1901,ITA,-0.8619766513509051
1902,ITA,-0.8364940118165123
1903,ITA,-0.8565136773129183
1904,ITA,-0.8075461926820546
1905,ITA,-0.8386657482694178
1906,ITA,-0.8953191253603059
1907,ITA,-0.8748672052951614
1908,ITA,-0.7491050077037578
1909,ITA,-0.836630262020754
1910,ITA,-0.8248920061775529
1911,ITA,-0.8304571857983065
1912,ITA,-0.8597100648603204
1913,ITA,-0.8328536832868743
1914,ITA,-0.7895116329316103
1915,ITA,-0.8545001102432543
1916,ITA,-0.8906173024223749
1917,ITA,-0.8481327168050194
1918,ITA,-0.9490378577015832
1919,ITA,-0.9937824912330315
1920,ITA,-0.9474551643025908
1921,ITA,-0.9398595180231126
1922,ITA,-0.9094124943339876
1923,ITA,-0.9375655655896935
1924,ITA,-0.9308526030618873
1925,ITA,-0.8813434869699428
1926,ITA,-0.9318405796277176
1927,ITA,-0.9550054365318035
1928,ITA,-0.9017600606100915
1929,ITA,-0.9096086856784398
1930,ITA,-0.8592403715043408
1931,ITA,-0.7915856025227539
1932,ITA,-0.6296100727836391
1933,ITA,-0.6218126274837648
1934,ITA,-0.7005080319541674
1935,ITA,-0.7225917773428003
1936,ITA,-0.8928915942773621
1937,ITA,-0.8413255776691244
1938,ITA,-0.7722981290897817
1939,ITA,-0.7889052362400912
1940,ITA,-0.8835781540208316
1941,ITA,-1.067290208859923
1942,ITA,-1.3024385558395304
1943,ITA,-1.640192896843165
1944,ITA,-1.9260916813551097
1945,ITA,-1.984941908141507
1946,ITA,-1.4479420005637982
1947,ITA,-1.2462083896267329
1948,ITA,-1.1981465835501846
1949,ITA,-1.1097028776474662
1950,ITA,-1.1034603321758798
1951,ITA,-1.0755626809963594
1952,ITA,-1.0553318669166973
1953,ITA,-1.0192246796697368
1954,ITA,-0.9648565740940835
1955,ITA,-0.9558365802573832
1956,ITA,-0.9157651727257985
1957,ITA,-0.8665025454280997
1958,ITA,-0.7903579515358299
1959,ITA,-0.7833395132296967
1960,ITA,-0.7305687603593274
1961,ITA,-0.6668666786588826
1962,ITA,-0.6519229925951606
1963,ITA,-0.6282087374688672
1964,ITA,-0.6410307741161212
1965,ITA,-0.6559040759859105
1966,ITA,-0.6516717693842988
1967,ITA,-0.5990053462510918
1968,ITA,-0.5727358869728167
1969,ITA,-0.5362087487864784
1970,ITA,-0.4728881828835583
1971,ITA,-0.47797443475114854
1972,ITA,-0.4871893275723469
1973,ITA,-0.47166256461773415
1974,ITA,-0.4127959490161306
1975,ITA,-0.4275172735479469
1976,ITA,-0.4062660875483157
1977,ITA,-0.42000840104992143
1978,ITA,-0.43690941643731307
1979,ITA,-0.40498417846250945
1980,ITA,-0.3626244536733285
1981,ITA,-0.37044979385589905
1982,ITA,-0.3384114394979303
1983,ITA,-0.3593599096781208
1984,ITA,-0.38927326047153343
1985,ITA,-0.39121507048774795
1986,ITA,-0.38791096439656236
1987,ITA,-0.3821394708969823
1988,ITA,-0.3736378579779043
1989,ITA,-0.36567467548539767
1990,ITA,-0.3522062772325629
1991,ITA,-0.3210295084306054
1992,ITA,-0.33635935641830983
1993,ITA,-0.3631765721173448
1994,ITA,-0.3719036236168325
1995,ITA,-0.3583890067024402
1996,ITA,-0.37413292956565236
1997,ITA,-0.38875956639372156
1998,ITA,-0.4066051235440913
1999,ITA,-0.42939618394819945
2000,ITA,-0.425164464289967
2001,ITA,-0.410086016965753
2002,ITA,-0.41678700597651286
2003,ITA,-0.4382048403193153
2004,ITA,-0.45237730009823807
2005,ITA,-0.4696040035240827
2006,ITA,-0.4684157806131086
2007,ITA,-0.4671161472971814
2008,ITA,-0.4736733462838405
2009,ITA,-0.4920807593263987
2010,ITA,-0.49856866878720574
2011,ITA,-0.5055166482622173
2012,ITA,-0.5524738839758587
2013,ITA,-0.5852601860252253
2014,ITA,-0.6067009288734155
2015,ITA,-0.6201670863258446
2016,ITA,-0.6171220043951813
1870,JPN,-1.1985573944545775
1871,JPN,-1.21582770430682
1872,JPN,-1.2255561707592104
1873,JPN,-1.2434790095282775
1874,JPN,-1.2066096730756932
1875,JPN,-1.1658680690880265
1876,JPN,-1.1866757543963606
1877,JPN,-1.1735694216262011
1878,JPN,-1.2040224058800222
1879,JPN,-1.2477936715588847
1880,JPN,-1.3050064762590923
1881,JPN,-1.35513985005983
1882,JPN,-1.374754116823702
1883,JPN,-1.3832303198274571
1884,JPN,-1.37953257667243
1885,JPN,-1.3354557162452663
1886,JPN,-1.2793738769132554
1887,JPN,-1.264083214697778
1888,JPN,-1.2941612319419642
1889,JPN,-1.2973724592240243
1890,JPN,-1.209518510497153
1891,JPN,-1.2879050069481455
1892,JPN,-1.3032558220753137
1893,JPN,-1.238250308313991
1894,JPN,-1.0852886134232858
1895,JPN,-1.1767255423672243
1896,JPN,-1.2041677446694719
1897,JPN,-1.2668319305970712
1898,JPN,-1.1073929260556028
1899,JPN,-1.2652782681060266
1900,JPN,-1.2436354912951648
1901,JPN,-1.3083215364424152
1902,JPN,-1.3650342489368832
1903,JPN,-1.3391648906415234
1904,JPN,-1.3114230615608493
1905,JPN,-1.3895621618479748
1906,JPN,-1.3649234022655001
1907,JPN,-1.340803404314089
1908,JPN,-1.241009267617848
1909,JPN,-1.3501495237149728
1910,JPN,-1.3369098608759424
1911,JPN,-1.3143052629840408
1912,JPN,-1.3237553970019578
1913,JPN,-1.3409254708122962
1914,JPN,-1.2859039104040217
1915,JPN,-1.2244256163248775
1916,JPN,-1.2088023964909045
1917,JPN,-1.1479338359042242
1918,JPN,-1.2213713677149851
1919,JPN,-1.1342301768306848
1920,JPN,-1.1860895336110033
1921,JPN,-1.051678008537296
1922,JPN,-1.1070371272624637
1923,JPN,-1.2257902745844866
1924,JPN,-1.2220236152399657
1925,JPN,-1.203741447810926
1926,JPN,-1.2606578044716485
1927,JPN,-1.2576889465503411
1928,JPN,-1.1930883779201178
1929,JPN,-1.2254037608136583
1930,JPN,-1.2112004875867841
1931,JPN,-1.1306310092485257
1932,JPN,-0.9171891061798965
1933,JPN,-0.8112307328661865
1934,JPN,-0.8907578064540767
1935,JPN,-0.9470633293423303
1936,JPN,-1.0167277531321304
1937,JPN,-1.0215335103861047
1938,JPN,-0.9168260537714286
1939,JPN,-0.8457677335820071
1940,JPN,-0.8914801997398216
1941,JPN,-1.0495732686628552
1942,JPN,-1.2402501661302443
1943,JPN,-1.4066138000678476
1944,JPN,-1.5343752257932213
1945,JPN,-2.1630969578759904
1946,JPN,-1.8512607034063153
1947,JPN,-1.7520808602640665
1948,JPN,-1.6589797866236422
1949,JPN,-1.603264403916656
1950,JPN,-1.6050282156924398
1951,JPN,-1.560084560883598
1952,JPN,-1.4850300957487086
1953,JPN,-1.456067540774824
1954,JPN,-1.3893522738038042
1955,JPN,-1.369356459227646
1956,JPN,-1.3089893101780152
1957,JPN,-1.2476870396650934
1958,JPN,-1.173178123216294
1959,JPN,-1.150548193464136
1960,JPN,-1.0444226956981773
1961,JPN,-0.9462050306877625
1962,JPN,-0.913245594692075
1963,JPN,-0.8700591290498156
1964,JPN,-0.8125179152587201
1965,JPN,-0.8159933961173618
1966,JPN,-0.7758969249527645
1967,JPN,-0.6949242713062951
1968,JPN,-0.6215172478127986
1969,JPN,-0.5368041424426124
1970,JPN,-0.4364748191610346
1971,JPN,-0.4215243522787038
1972,JPN,-0.39569530134131803
1973,JPN,-0.37819631444096125
1974,JPN,-0.3918832192203965
1975,JPN,-0.36149080358316965
1976,JPN,-0.3748137709274122
1977,JPN,-0.3757800459829568
1978,JPN,-0.37838472008130886
1979,JPN,-0.35587530330574246
1980,JPN,-0.32462202617184843
1981,JPN,-0.31544502622076465
1982,JPN,-0.26363320496025366
1983,JPN,-0.27948778598566193
1984,JPN,-0.30907366514740175
1985,JPN,-0.30107692440819633
1986,JPN,-0.303355338049192
1987,JPN,-0.2931727724452635
1988,JPN,-0.2694746558880592
1989,JPN,-0.2508952516571288
1990,JPN,-0.21090105004446436
1991,JPN,-0.1656549658322426
1992,JPN,-0.18046040329116764
1993,JPN,-0.19677354951330805
1994,JPN,-0.218701644442568
1995,JPN,-0.21496543005640945
1996,JPN,-0.21659030753296626
1997,JPN,-0.23481062773030636
1998,JPN,-0.2884555037744523
1999,JPN,-0.32829804943157903
2000,JPN,-0.33746927076625255
2001,JPN,-0.3373855233921681
2002,JPN,-0.34525354046249923
2003,JPN,-0.3464586708420523
2004,JPN,-0.3490729423099239
2005,JPN,-0.3573295781960031
2006,JPN,-0.3572266663116892
2007,JPN,-0.3453835846130957
2008,JPN,-0.3430887618788585
2009,JPN,-0.3550446017364113
2010,JPN,-0.32936372224924426
2011,JPN,-0.3409789646971202
2012,JPN,-0.3387178984924333
2013,JPN,-0.32687336459154714
2014,JPN,-0.3399319614300964
2015,JPN,-0.34881678795658466
2016,JPN,-0.3462730479755791
1870,NLD,0.11959975420201285
1871,NLD,0.08992838290785077
1872,NLD,0.08577693991060809
1873,NLD,0.08145667988521765
1874,NLD,0.07383080084344495
1875,NLD,0.10155457317736971
1876,NLD,0.11494177198345756
1877,NLD,0.1170484931930984
1878,NLD,0.09492174259165065
1879,NLD,-0.049467869630582584
1880,NLD,-0.0840143089236065
1881,NLD,-0.08794763914021964
1882,NLD,-0.1117023313501484
1883,NLD,-0.051806086159530196
1884,NLD,-0.03988153129796146
1885,NLD,-0.014505328216072755
1886,NLD,-0.01821989199842733
1887,NLD,-0.027482278922713377
1888,NLD,5.978071941115104e-05
1889,NLD,-0.01679461135890925
1890,NLD,-0.06255783262561998
1891,NLD,-0.093267576030307
1892,NLD,-0.14688965511993324
1893,NLD,-0.09939229713967102
1894,NLD,-0.006526338705789669
1895,NLD,-0.10827275432601269
1896,NLD,-0.04142992554707092
1897,NLD,-0.10299458407314432
1898,NLD,-0.10379898706466939
1899,NLD,-0.17220925999209946
1900,NLD,-0.2060770686186224
1901,NLD,-0.26041524597082066
1902,NLD,-0.22434109584378703
1903,NLD,-0.26886622868745214
1904,NLD,-0.23788887006032944
1905,NLD,-0.2548777525165242
1906,NLD,-0.3386450943009809
1907,NLD,-0.3671906672354144
1908,NLD,-0.2559258794988981
1909,NLD,-0.31239763641115204
1910,NLD,-0.2716552324289143
1911,NLD,-0.26716577262735086
1912,NLD,-0.28319644987386994
1913,NLD,-0.26949616021844314
1914,NLD,-0.21563862719388638
1915,NLD,-0.21436090494255566
1916,NLD,-0.32192866314552404
1917,NLD,-0.36949767016174917
1918,NLD,-0.5236218236217685
1919,NLD,-0.3207124774913286
1920,NLD,-0.27440524150379986
1921,NLD,-0.1832722386188621
1922,NLD,-0.18608064305525573
1923,NLD,-0.2851223096529729
1924,NLD,-0.2414702914880298
1925,NLD,-0.22214091971536298
1926,NLD,-0.20889375961949064
1927,NLD,-0.17799143195088973
1928,NLD,-0.13851551827379893
1929,NLD,-0.19283848747050492
1930,NLD,-0.1033792691069575
1931,NLD,-0.09317102891404794
1932,NLD,0.02551990720808739
1933,NLD,0.036897200446523115
1934,NLD,-0.062267436912200935
1935,NLD,-0.10347178600398088
1936,NLD,-0.17850369775543307
1937,NLD,-0.16855776686894153
1938,NLD,-0.15446594054321494
1939,NLD,-0.1683932385409861
1940,NLD,-0.3721579556311969
1941,NLD,-0.5938401503137349
1942,NLD,-0.863727829764322
1943,NLD,-1.0625138351414218
1944,NLD,-1.5380672225256715
1945,NLD,-1.472177990438917
1946,NLD,-0.7244351579625672
1947,NLD,-0.565468613132607
1948,NLD,-0.5014071248290115
1949,NLD,-0.41931694385916707
1950,NLD,-0.46661481905758073
1951,NLD,-0.5170692811915316
1952,NLD,-0.5280214700944388
1953,NLD,-0.4837183667869187
1954,NLD,-0.4053502766659385
1955,NLD,-0.39706570969294575
1956,NLD,-0.3753667530445366
1957,NLD,-0.3606642284197328
1958,NLD,-0.351220154366068
1959,NLD,-0.3726317748688093
1960,NLD,-0.3126785798913403
1961,NLD,-0.3294474241346954
1962,NLD,-0.3206345290224881
1963,NLD,-0.3264944955429705
1964,NLD,-0.3026407942277132
1965,NLD,-0.31448784053582735
1966,NLD,-0.3523601187639578
1967,NLD,-0.32621573253569913
1968,NLD,-0.3106273290904831
1969,NLD,-0.280891251737895
1970,NLD,-0.22790403620710364
1971,NLD,-0.2169609886918753
1972,NLD,-0.23560023022591103
1973,NLD,-0.24359116467089947
1974,NLD,-0.20033230098886712
1975,NLD,-0.19687576898172487
1976,NLD,-0.20094414847217834
1977,NLD,-0.21438219566436345
1978,NLD,-0.24198589756413647
1979,NLD,-0.2490396825031116
1980,NLD,-0.23379038657879114
1981,NLD,-0.2609307548862372
1982,NLD,-0.24860832446441172
1983,NLD,-0.26723480204989336
1984,NLD,-0.30050582600546427
1985,NLD,-0.3042370580368505
1986,NLD,-0.30733729681291777
1987,NLD,-0.3253284187726706
1988,NLD,-0.33818477601327146
1989,NLD,-0.3229448309096874
1990,NLD,-0.295664868207135
1991,NLD,-0.2632631319590324
1992,NLD,-0.27313336320761117
1993,NLD,-0.2824179448756503
1994,NLD,-0.2883232013021999
1995,NLD,-0.2759158706443827
1996,NLD,-0.2719445859783338
1997,NLD,-0.26658343077189883
1998,NLD,-0.26509345407924556
1999,NLD,-0.261495528179184
2000,NLD,-0.259208251526605
2001,NLD,-0.24826895497268353
2002,NLD,-0.2623293177006545
2003,NLD,-0.27987275189733474
2004,NLD,-0.2856543006378054
2005,NLD,-0.288438818674992
2006,NLD,-0.2729575320951909
2007,NLD,-0.24581127601831376
2008,NLD,-0.21870167806201835
2009,NLD,-0.2167049957421927
2010,NLD,-0.22685877308071412
2011,NLD,-0.22365109365041924
2012,NLD,-0.252745428694956
2013,NLD,-0.2672359946281393
2014,NLD,-0.2748318810292325
2015,NLD,-0.2778454789695157
2016,NLD,-0.2724241021862568
1870,NOR,-0.5863117365680113
1871,NOR,-0.5981826811954445
1872,NOR,-0.5559070647366555
1873,NOR,-0.564016374317176
1874,NOR,-0.5059593490342964
1875,NOR,-0.5159255323573273
1876,NOR,-0.4914089251311706
1877,NOR,-0.506012097334021
1878,NOR,-0.5743792856863292
1879,NOR,-0.6737226588664367
1880,NOR,-0.7411982771915175
1881,NOR,-0.7437457037934649
1882,NOR,-0.7814393911904078
1883,NOR,-0.7848590316624176
1884,NOR,-0.7668847199786244
1885,NOR,-0.7501808229526841
1886,NOR,-0.7592107331083291
1887,NOR,-0.774966254386606
1888,NOR,-0.7068383688427824
1889,NOR,-0.7118248502989761
1890,NOR,-0.68519464922597
1891,NOR,-0.7055398938419879
1892,NOR,-0.7655551812747952
1893,NOR,-0.6759523117657551
1894,NOR,-0.630670225527167
1895,NOR,-0.7262560126778723
1896,NOR,-0.6729576199978897
1897,NOR,-0.7082934203658615
1898,NOR,-0.7175697678807813
1899,NOR,-0.7703497153476864
1900,NOR,-0.7792278565891708
1901,NOR,-0.8530402659037355
1902,NOR,-0.8368988895711587
1903,NOR,-0.8779589010990367
1904,NOR,-0.8484306000617918
1905,NOR,-0.8974932901553725
1906,NOR,-0.951149007861102
1907,NOR,-0.9101329776264988
1908,NOR,-0.781231868105996
1909,NOR,-0.8640133147633708
1910,NOR,-0.8200989572996358
1911,NOR,-0.8053433218847985
1912,NOR,-0.7967378401802296
1913,NOR,-0.7729571417020287
1914,NOR,-0.6633086721944776
1915,NOR,-0.6441499361392387
1916,NOR,-0.7310471494964759
1917,NOR,-0.7985803621774625
1918,NOR,-0.9254836860528606
1919,NOR,-0.7807577885989812
1920,NOR,-0.7066023888906852
1921,NOR,-0.7788011461055477
1922,NOR,-0.7268661636616622
1923,NOR,-0.813676682159012
1924,NOR,-0.8309495155270401
1925,NOR,-0.7858291668794202
1926,NOR,-0.8264357379306198
1927,NOR,-0.7897118452130503
1928,NOR,-0.7491106714389861
1929,NOR,-0.7112764863632446
1930,NOR,-0.5381641984077881
1931,NOR,-0.537943985479858
1932,NOR,-0.34777830363129425
1933,NOR,-0.30149200937190557
1934,NOR,-0.3404655644919359
1935,NOR,-0.3637966837751616
1936,NOR,-0.4301369931518497
1937,NOR,-0.4275674225649926
1938,NOR,-0.36283021606306853
1939,NOR,-0.3903090726936842
1940,NOR,-0.5515141389995097
1941,NOR,-0.6908031538503518
1942,NOR,-0.9083005673942797
1943,NOR,-1.1036283830152485
1944,NOR,-1.2348483253176425
1945,NOR,-1.0790810334833676
1946,NOR,-0.7520206908055549
1947,NOR,-0.6025617749893382
1948,NOR,-0.5665629504290042
1949,NOR,-0.5370785675219221
1950,NOR,-0.5658798162084526
1951,NOR,-0.5789041803845016
1952,NOR,-0.5733969008818747
1953,NOR,-0.5727546438016375
1954,NOR,-0.5092124073777118
1955,NOR,-0.5477055324659723
1956,NOR,-0.5067733092729014
1957,NOR,-0.48677377333615546
1958,NOR,-0.46876269386250513
1959,NOR,-0.49078783668403503
1960,NOR,-0.45272195387978975
1961,NOR,-0.4063201184492371
1962,NOR,-0.4297754335321553
1963,NOR,-0.42775030724759766
1964,NOR,-0.4291242658834289
1965,NOR,-0.4345006112947516
1966,NOR,-0.4574304407416854
1967,NOR,-0.41923038492089404
1968,NOR,-0.4422039862473355
1969,NOR,-0.4274767756876656
1970,NOR,-0.404736562892948
1971,NOR,-0.3793905334485608
1972,NOR,-0.3783043208651513
1973,NOR,-0.3878106861954276
1974,NOR,-0.3410054799921518
1975,NOR,-0.2828972704674104
1976,NOR,-0.27219658042237427
1977,NOR,-0.2688826443563439
1978,NOR,-0.2833032774039914
1979,NOR,-0.265279924870903
1980,NOR,-0.20883991780339706
1981,NOR,-0.21752731771408662
1982,NOR,-0.19058255773814636
1983,NOR,-0.19066467264976694
1984,NOR,-0.19771711436750117
1985,NOR,-0.17912562630752227
1986,NOR,-0.17190166665637108
1987,NOR,-0.18188717075279826
1988,NOR,-0.2198407791638619
1989,NOR,-0.23902857452068282
1990,NOR,-0.2282452264268091
1991,NOR,-0.18632183535274116
1992,NOR,-0.17707019976477234
1993,NOR,-0.17067661395627098
1994,NOR,-0.1551611548179963
1995,NOR,-0.13257668648861376
1996,NOR,-0.11299425959760967
1997,NOR,-0.09762613543871979
1998,NOR,-0.10820810868179542
1999,NOR,-0.1307070932465635
2000,NOR,-0.13459085580242558
2001,NOR,-0.12078912134927222
2002,NOR,-0.11907976995098757
2003,NOR,-0.13014849230358294
2004,NOR,-0.12033825351236871
2005,NOR,-0.11984050537068214
2006,NOR,-0.11606939026157193
2007,NOR,-0.10302831057915007
2008,NOR,-0.09340895099947133
2009,NOR,-0.06943023720915775
2010,NOR,-0.08569553803335062
2011,NOR,-0.09779502113280181
2012,NOR,-0.0984494189628915
2013,NOR,-0.10967341336088587
2014,NOR,-0.12048507614768056
2015,NOR,-0.13215570460836368
2016,NOR,-0.13843951379520902
1870,PRT,-0.919176155379156
1871,PRT,-0.9868646522643916
1872,PRT,-0.9792825434466339
1873,PRT,-0.9690209409520198
1874,PRT,-0.9613391417812425
1875,PRT,-0.9964154826972873
1876,PRT,-1.0149664270539533
1877,PRT,-0.9850368992038021
1878,PRT,-1.0096145559822327
1879,PRT,-1.1097286457670945
1880,PRT,-1.212275184182225
1881,PRT,-1.1980872301179746
1882,PRT,-1.2130634107997595
1883,PRT,-1.197549740431005
1884,PRT,-1.1668756775310598
1885,PRT,-1.1343600466535069
1886,PRT,-1.0967576580695537
1887,PRT,-1.1065273191710538
1888,PRT,-1.0772027829319564
1889,PRT,-1.1430937453569117
1890,PRT,-1.1010499652043624
1891,PRT,-1.1485556548276925
1892,PRT,-1.2324583042624573
1893,PRT,-1.1504024193405442
1894,PRT,-1.1220700219616138
1895,PRT,-1.1821826378306453
1896,PRT,-1.1363331893357467
1897,PRT,-1.1600177059552044
1898,PRT,-1.1354088001776512
1899,PRT,-1.1768792876627119
1900,PRT,-1.1446976603090935
1901,PRT,-1.2575332527932854
1902,PRT,-1.250625321307532
1903,PRT,-1.2739003281447756
1904,PRT,-1.2377369569755396
1905,PRT,-1.325787163040908
1906,PRT,-1.41766137620428
1907,PRT,-1.399709088024598
1908,PRT,-1.3192381830842885
1909,PRT,-1.4238904019724856
1910,PRT,-1.3968450861267279
1911,PRT,-1.4021162267867053
1912,PRT,-1.420431026419501
1913,PRT,-1.4444369292098038
1914,PRT,-1.3392999944178987
1915,PRT,-1.376684939181744
1916,PRT,-1.48722400468837
1917,PRT,-1.465120815585383
1918,PRT,-1.5937607975988293
1919,PRT,-1.5772621668991231
1920,PRT,-1.507829227642567
1921,PRT,-1.4174223082756523
1922,PRT,-1.35438275247561
1923,PRT,-1.4311787646561163
1924,PRT,-1.4924066985582876
1925,PRT,-1.4689124602170605
1926,PRT,-1.5374308386721847
1927,PRT,-1.3841828450221536
1928,PRT,-1.4969409369856193
1929,PRT,-1.4550647543343862
1930,PRT,-1.3750444170228748
1931,PRT,-1.249695760564344
1932,PRT,-1.0947154917682047
1933,PRT,-1.0144604955023961
1934,PRT,-1.0530919519958584
1935,PRT,-1.1866854610686275
1936,PRT,-1.4046313337923637
1937,PRT,-1.2972148901984912
1938,PRT,-1.2545291126051321
1939,PRT,-1.3220725700986984
1940,PRT,-1.4678828810930442
1941,PRT,-1.546961289111005
1942,PRT,-1.7408675638675533
1943,PRT,-1.8526121542641718
1944,PRT,-1.8743212420750908
1945,PRT,-1.8705651868292605
1946,PRT,-1.5624118826544438
1947,PRT,-1.4566814184288708
1948,PRT,-1.4883539293665917
1949,PRT,-1.4699245078403926
1950,PRT,-1.5222838209882994
1951,PRT,-1.5404944349103626
1952,PRT,-1.5629050364516281
1953,PRT,-1.5300253072000496
1954,PRT,-1.4651553967960895
1955,PRT,-1.4823348086773
1956,PRT,-1.4484763818636095
1957,PRT,-1.4126935357953752
1958,PRT,-1.3807865961938948
1959,PRT,-1.391111684847476
1960,PRT,-1.3435366387200913
1961,PRT,-1.2961921344704503
1962,PRT,-1.2738497485694147
1963,PRT,-1.2509610566727485
1964,PRT,-1.2340088444520685
1965,PRT,-1.212256830742053
1966,PRT,-1.2220736013928661
1967,PRT,-1.162475421482636
1968,PRT,-1.1150850977313507
1969,PRT,-1.1131875036562082
1970,PRT,-1.0102293229010755
1971,PRT,-0.9581445510156037
1972,PRT,-0.9197662765701882
1973,PRT,-0.859903317263738
1974,PRT,-0.8501312309457578
1975,PRT,-0.915715637201572
1976,PRT,-0.9127381030626207
1977,PRT,-0.8966922689069889
1978,PRT,-0.9175418357297289
1979,PRT,-0.8877555731833517
1980,PRT,-0.836987685840425
1981,PRT,-0.8431611355997592
1982,PRT,-0.7944781524873257
1983,PRT,-0.8294499401389519
1984,PRT,-0.9113652711073197
1985,PRT,-0.9139932670167497
1986,PRT,-0.8991824050374415
1987,PRT,-0.8637616053946928
1988,PRT,-0.8242196414947465
1989,PRT,-0.7989679868315633
1990,PRT,-0.7621888339970866
1991,PRT,-0.7030852504325562
1992,PRT,-0.7127314024928921
1993,PRT,-0.7525463571628901
1994,PRT,-0.7769923245938113
1995,PRT,-0.7520859414046335
1996,PRT,-0.7443568980841047
1997,PRT,-0.7384122534459099
1998,PRT,-0.7259535736600551
1999,PRT,-0.7274009855815642
2000,PRT,-0.7234785812559483
2001,PRT,-0.7096997083723551
2002,PRT,-0.715306720406959
2003,PRT,-0.7453641216485227
2004,PRT,-0.7589268674044938
2005,PRT,-0.776225171607523
2006,PRT,-0.7821813669483451
2007,PRT,-0.7717226704726414
2008,PRT,-0.7621699017268266
2009,PRT,-0.7503381780339655
2010,PRT,-0.7586495980952339
2011,PRT,-0.7842282091666029
2012,PRT,-0.8360463009111765
2013,PRT,-0.8516115971334735
2014,PRT,-0.8554166016182059
2015,PRT,-0.8569138613615479
2016,PRT,-0.8472750262632598
1870,SWE,-0.5974584044247297
1871,SWE,-0.5868607535265635
1872,SWE,-0.5843325149786427
1873,SWE,-0.597420449627089
1874,SWE,-0.5302750177927091
1875,SWE,-0.5943922517904765
1876,SWE,-0.522065601082879
1877,SWE,-0.5545876385743576
1878,SWE,-0.6103525114775028
1879,SWE,-0.6517355642934541
1880,SWE,-0.7659205501240924
1881,SWE,-0.7405037167954953
1882,SWE,-0.8155319160720644
1883,SWE,-0.7427975454139837
1884,SWE,-0.7591289476157828
1885,SWE,-0.7260240045858755
1886,SWE,-0.7235787575287649
1887,SWE,-0.776019286256866
1888,SWE,-0.7338018755025386
1889,SWE,-0.7583733598117437
1890,SWE,-0.7294421482081228
1891,SWE,-0.6984560713849
1892,SWE,-0.7841629710984419
1893,SWE,-0.6906845092524243
1894,SWE,-0.6378194570768114
1895,SWE,-0.6854089430210148
1896,SWE,-0.620493539153018
1897,SWE,-0.6549545354813651
1898,SWE,-0.6241919799199662
1899,SWE,-0.6692508203267025
1900,SWE,-0.6749150180167458
1901,SWE,-0.7365720753674081
1902,SWE,-0.7400997698136509
1903,SWE,-0.717971848229686
1904,SWE,-0.6693636440118347
1905,SWE,-0.7352380084972534
1906,SWE,-0.7482405596009647
1907,SWE,-0.6810069696080578
1908,SWE,-0.6074248688169925
1909,SWE,-0.697713647786296
1910,SWE,-0.6687636013587648
1911,SWE,-0.6605600702267713
1912,SWE,-0.6535771799241692
1913,SWE,-0.6121121713501152
1914,SWE,-0.4917194009609469
1915,SWE,-0.47103108795308835
1916,SWE,-0.5323430114883099
1917,SWE,-0.5556823042216017
1918,SWE,-0.7099862355348714
1919,SWE,-0.6986363938013103
1920,SWE,-0.614216803015168
1921,SWE,-0.6248317328904749
1922,SWE,-0.595632007716258
1923,SWE,-0.6709306818067873
1924,SWE,-0.6159124064787065
1925,SWE,-0.6014234959070155
1926,SWE,-0.603561197216667
1927,SWE,-0.5676198377839441
1928,SWE,-0.5383335966278757
1929,SWE,-0.5294816394134472
1930,SWE,-0.38257908846497557
1931,SWE,-0.3208608611226147
1932,SWE,-0.21270802960022728
1933,SWE,-0.16917714940866446
1934,SWE,-0.17466695091453133
1935,SWE,-0.19646280801586258
1936,SWE,-0.29038033647084305
1937,SWE,-0.30182695695940964
1938,SWE,-0.2232052897334107
1939,SWE,-0.22265710772641434
1940,SWE,-0.3673514762242842
1941,SWE,-0.5547839367329299
1942,SWE,-0.7202077177584449
1943,SWE,-0.8587222310789517
1944,SWE,-0.9006635028023808
1945,SWE,-0.8222798147144701
1946,SWE,-0.48796568650652894
1947,SWE,-0.3776211428164604
1948,SWE,-0.3859874572227078
1949,SWE,-0.3419948561787489
1950,SWE,-0.34978359459401887
1951,SWE,-0.3755672083176904
1952,SWE,-0.3882971618519342
1953,SWE,-0.395690061137147
1954,SWE,-0.33610194327766685
1955,SWE,-0.3648686805438537
1956,SWE,-0.33632522297595635
1957,SWE,-0.29966630419286133
1958,SWE,-0.2739847831094675
1959,SWE,-0.30380358142476993
1960,SWE,-0.2654339175529721
1961,SWE,-0.221436876120082
1962,SWE,-0.22895755671649454
1963,SWE,-0.21066514466444275
1964,SWE,-0.19446075746937908
1965,SWE,-0.21569844076668687
1966,SWE,-0.25652596842726005
1967,SWE,-0.24472941012474791
1968,SWE,-0.25121347618945045
1969,SWE,-0.23044448867558387
1970,SWE,-0.16714998083511468
1971,SWE,-0.18272556503437976
1972,SWE,-0.20399015349621408
1973,SWE,-0.2125577886243235
1974,SWE,-0.17205180519179208
1975,SWE,-0.13809248643720196
1976,SWE,-0.17277258488380376
1977,SWE,-0.2266777171131782
1978,SWE,-0.25712041689051546
1979,SWE,-0.2440162889471953
1980,SWE,-0.21813075531184012
1981,SWE,-0.23433626492047743
1982,SWE,-0.19639343328070957
1983,SWE,-0.21142718819011108
1984,SWE,-0.23500517024786127
1985,SWE,-0.24666621234985797
1986,SWE,-0.25202460542760186
1987,SWE,-0.251145633127166
1988,SWE,-0.26670638529542323
1989,SWE,-0.2744937023804592
1990,SWE,-0.27577183703783525
1991,SWE,-0.27886250200474194
1992,SWE,-0.3164202794734514
1993,SWE,-0.3581142653707676
1994,SWE,-0.353898789820164
1995,SWE,-0.33376964040040136
1996,SWE,-0.34447217116409945
1997,SWE,-0.3499571382214697
1998,SWE,-0.3402711765181081
1999,SWE,-0.33118551761656434
2000,SWE,-0.3185920674875078
2001,SWE,-0.3087199375537324
2002,SWE,-0.2944770322148287
2003,SWE,-0.2896852220849109
2004,SWE,-0.2748393554808395
2005,SWE,-0.266460213504466
2006,SWE,-0.2426210136978657
2007,SWE,-0.22106071885191447
2008,SWE,-0.215962063581852
2009,SWE,-0.2248759086183778
2010,SWE,-0.1863866652602315
2011,SWE,-0.17582028779710335
2012,SWE,-0.2011245009966096
2013,SWE,-0.2077390043490066
2014,SWE,-0.2106838203639505
2015,SWE,-0.20228060080664712
2016,SWE,-0.19338011057838678
1870,USA,0.0
1871,USA,0.0
1872,USA,0.0
1873,USA,0.0
1874,USA,0.0
1875,USA,0.0
1876,USA,0.0
1877,USA,0.0
1878,USA,0.0
1879,USA,0.0
1880,USA,0.0
1881,USA,0.0
1882,USA,0.0
1883,USA,0.0
1884,USA,0.0
1885,USA,0.0
1886,USA,0.0
1887,USA,0.0
1888,USA,0.0
1889,USA,0.0
1890,USA,0.0
1891,USA,0.0
1892,USA,0.0
1893,USA,0.0
1894,USA,0.0
1895,USA,0.0
1896,USA,0.0
1897,USA,0.0
1898,USA,0.0
1899,USA,0.0
1900,USA,0.0
1901,USA,0.0
1902,USA,0.0
1903,USA,0.0
1904,USA,0.0
1905,USA,0.0
1906,USA,0.0
1907,USA,0.0
1908,USA,0.0
1909,USA,0.0
1910,USA,0.0
1911,USA,0.0
1912,USA,0.0
1913,USA,0.0
1914,USA,0.0
1915,USA,0.0
1916,USA,0.0
1917,USA,0.0
1918,USA,0.0
1919,USA,0.0
1920,USA,0.0
1921,USA,0.0
1922,USA,0.0
1923,USA,0.0
1924,USA,0.0
1925,USA,0.0
1926,USA,0.0
1927,USA,0.0
1928,USA,0.0
1929,USA,0.0
1930,USA,0.0
1931,USA,0.0
1932,USA,0.0
1933,USA,0.0
1934,USA,0.0
1935,USA,0.0
1936,USA,0.0
1937,USA,0.0
1938,USA,0.0
1939,USA,0.0
1940,USA,0.0
1941,USA,0.0
1942,USA,0.0
1943,USA,0.0
1944,USA,0.0
1945,USA,0.0
1946,USA,0.0
1947,USA,0.0
1948,USA,0.0
1949,USA,0.0
1950,USA,0.0
1951,USA,0.0
1952,USA,0.0
1953,USA,0.0
1954,USA,0.0
1955,USA,0.0
1956,USA,0.0
1957,USA,0.0
1958,USA,0.0
1959,USA,0.0
1960,USA,0.0
1961,USA,0.0
1962,USA,0.0
1963,USA,0.0
1964,USA,0.0
1965,USA,0.0
1966,USA,0.0
1967,USA,0.0
1968,USA,0.0
1969,USA,0.0
1970,USA,0.0
1971,USA,0.0
1972,USA,0.0
1973,USA,0.0
1974,USA,0.0
1975,USA,0.0
1976,USA,0.0
1977,USA,0.0
1978,USA,0.0
1979,USA,0.0
1980,USA,0.0
1981,USA,0.0
1982,USA,0.0
1983,USA,0.0
1984,USA,0.0
1985,USA,0.0
1986,USA,0.0
1987,USA,0.0
1988,USA,0.0
1989,USA,0.0
1990,USA,0.0
1991,USA,0.0
1992,USA,0.0
1993,USA,0.0
1994,USA,0.0
1995,USA,0.0
1996,USA,0.0
1997,USA,0.0
1998,USA,0.0
1999,USA,0.0
2000,USA,0.0
2001,USA,0.0
2002,USA,0.0
2003,USA,0.0
2004,USA,0.0
2005,USA,0.0
2006,USA,0.0
2007,USA,0.0
2008,USA,0.0
2009,USA,0.0
2010,USA,0.0
2011,USA,0.0
2012,USA,0.0
2013,USA,0.0
2014,USA,0.0
2015,USA,0.0
2016,USA,0.0
